<?xml version="1.0" encoding="UTF-8" standalone="yes"?>
<Empresa>
    <nombreEmpresa>IES</nombreEmpresa>
    <idEmpresa>1</idEmpresa>
    <direccion>En la nube</direccion>
    <numEmpleados>10</numEmpleados>
    <empleados>
        <activo>true</activo>
        <fechaAlta>2015-08-27T12:37:55.975+02:00</fechaAlta>
        <id>1</id>
        <nombre>Empleado 1</nombre>
        <numeroEmpl>20000</numeroEmpl>
        <titulo>SW Architect</titulo>
    </empleados>
    <empleados>
        <activo>true</activo>
        <fechaAlta>2015-08-27T12:37:55.975+02:00</fechaAlta>
        <id>2</id>
        <nombre>Empleado 2</nombre>
        <numeroEmpl>20001</numeroEmpl>
        <titulo>SW Architect</titulo>
    </empleados>
    <empleados>
        <activo>true</activo>
        <fechaAlta>2015-08-27T12:37:55.975+02:00</fechaAlta>
        <id>3</id>
        <nombre>Empleado 3</nombre>
        <numeroEmpl>20002</numeroEmpl>
        <titulo>SW Architect</titulo>
    </empleados>
    <empleados>
        <activo>true</activo>
        <fechaAlta>2015-08-27T12:37:55.975+02:00</fechaAlta>
        <id>4</id>
        <nombre>Empleado 4</nombre>
        <numeroEmpl>20003</numeroEmpl>
        <titulo>SW Architect</titulo>
    </empleados>
    <empleados>
        <activo>true</activo>
        <fechaAlta>2015-08-27T12:37:55.975+02:00</fechaAlta>
        <id>5</id>
        <nombre>Empleado 5</nombre>
        <numeroEmpl>20004</numeroEmpl>
        <titulo>SW Architect</titulo>
    </empleados>
    <empleados>
        <activo>true</activo>
        <fechaAlta>2015-08-27T12:37:55.975+02:00</fechaAlta>
        <id>6</id>
        <nombre>Empleado 6</nombre>
        <numeroEmpl>20005</numeroEmpl>
        <titulo>SW Architect</titulo>
    </empleados>
    <empleados>
        <activo>true</activo>
        <fechaAlta>2015-08-27T12:37:55.975+02:00</fechaAlta>
        <id>7</id>
        <nombre>Empleado 7</nombre>
        <numeroEmpl>20006</numeroEmpl>
        <titulo>SW Architect</titulo>
    </empleados>
    <empleados>
        <activo>true</activo>
        <fechaAlta>2015-08-27T12:37:55.975+02:00</fechaAlta>
        <id>8</id>
        <nombre>Empleado 8</nombre>
        <numeroEmpl>20007</numeroEmpl>
        <titulo>SW Architect</titulo>
    </empleados>
    <empleados>
        <activo>true</activo>
        <fechaAlta>2015-08-27T12:37:55.975+02:00</fechaAlta>
        <id>9</id>
        <nombre>Empleado 9</nombre>
        <numeroEmpl>20008</numeroEmpl>
        <titulo>SW Architect</titulo>
    </empleados>
</Empresa>
