<?xml version="1.0" encoding="UTF-8" standalone="no"?>
<geekyxml>
    <ITEM>
        <KEY>
            opcion1
        </KEY>
        <VALUE>
            22
        </VALUE>
    </ITEM>
    <ITEM>
        <KEY>
            opcion2
        </KEY>
        <VALUE>
            22
        </VALUE>
    </ITEM>
    <ITEM>
        <KEY>
            opcion3
        </KEY>
        <VALUE>
            22
        </VALUE>
    </ITEM>
    <ITEM>
        <KEY>
            opcion4
        </KEY>
        <VALUE>
            25
        </VALUE>
    </ITEM>
</geekyxml>